{"cameraMode":{"drawMode":0,"name":"Shaded","section":"Shading Mode"},"sceneLighting":false,"audioPlay":false,"sceneViewState":{"showFog":false,"showMaterialUpdate":false,"showSkybox":false,"showFlares":false,"showImageEffects":false,"showParticleSystems":false},"in2DMode":false,"pivot":{"x":895.4160766601563,"y":693.12841796875,"z":-456.51092529296877},"rotation":{"x":-0.20272772014141084,"y":-0.04469328001141548,"z":0.008794262073934079,"w":-0.9783130288124085},"size":12.241260528564454,"orthographic":false}