{"cameraMode":{"drawMode":0,"name":"Shaded","section":"Shading Mode"},"sceneLighting":false,"audioPlay":false,"sceneViewState":{"showFog":false,"showMaterialUpdate":false,"showSkybox":true,"showFlares":false,"showImageEffects":false,"showParticleSystems":false},"in2DMode":false,"pivot":{"x":656.0048828125,"y":698.215576171875,"z":-780.6864624023438},"rotation":{"x":-0.11359090358018875,"y":-0.1828000396490097,"z":0.02126121334731579,"w":-0.9764485955238342},"size":287.9581604003906,"orthographic":false}