{"cameraMode":{"drawMode":0,"name":"Shaded","section":"Shading Mode"},"sceneLighting":true,"audioPlay":false,"sceneViewState":{"showFog":false,"showMaterialUpdate":false,"showSkybox":true,"showFlares":false,"showImageEffects":false,"showParticleSystems":false},"in2DMode":false,"pivot":{"x":-6.509604454040527,"y":-7.8434157371521,"z":3.6633124351501467},"rotation":{"x":0.3285076320171356,"y":-0.5531182289123535,"z":0.25120076537132265,"w":0.723321795463562},"size":8.7098388671875,"orthographic":false}