{"cameraMode":{"drawMode":0,"name":"Shaded","section":"Shading Mode"},"sceneLighting":true,"audioPlay":false,"sceneViewState":{"showFog":false,"showMaterialUpdate":false,"showSkybox":false,"showFlares":false,"showImageEffects":false,"showParticleSystems":false},"in2DMode":false,"pivot":{"x":-125.73348999023438,"y":-182.63015747070313,"z":268.3903503417969},"rotation":{"x":-0.27022138237953188,"y":0.21236029267311097,"z":-0.06168332323431969,"w":-0.9372090697288513},"size":176.11119079589845,"orthographic":false}