{"cameraMode":{"drawMode":0,"name":"Shaded","section":"Shading Mode"},"sceneLighting":false,"audioPlay":false,"sceneViewState":{"showFog":false,"showMaterialUpdate":false,"showSkybox":true,"showFlares":false,"showImageEffects":false,"showParticleSystems":false},"in2DMode":false,"pivot":{"x":1335.1512451171875,"y":167.69485473632813,"z":-284.6505432128906},"rotation":{"x":0.052424706518650058,"y":0.4027194082736969,"z":-0.023090125992894174,"w":0.9136528372764587},"size":122.09115600585938,"orthographic":false}