{"cameraMode":{"drawMode":0,"name":"Shaded","section":"Shading Mode"},"sceneLighting":false,"audioPlay":false,"sceneViewState":{"showFog":true,"showMaterialUpdate":false,"showSkybox":false,"showFlares":true,"showImageEffects":true,"showParticleSystems":true},"in2DMode":false,"pivot":{"x":3.5617990493774416,"y":2.5772788524627687,"z":7.611994743347168},"rotation":{"x":-0.006406394764780998,"y":0.9831779599189758,"z":-0.17922228574752809,"w":-0.035112325102090839},"size":2.321902275085449,"orthographic":false}